-- ============================================================
-- LOT INTELLIGENCE — Seed File
-- Manheim-style vehicle auction database
-- 5 tables, ~500 rows of realistic data
-- ============================================================

-- ============================================================
-- TABLE 1: DEALERS
-- ============================================================
CREATE TABLE IF NOT EXISTS dealers (
    dealer_id INTEGER PRIMARY KEY,
    dealer_name TEXT NOT NULL,
    dealer_type TEXT NOT NULL,
    state TEXT NOT NULL,
    years_active INTEGER NOT NULL
);

INSERT INTO dealers VALUES
(1,'AutoNation Southeast','franchise','GA',18),
(2,'CarMax Atlanta','independent',  'GA',12),
(3,'Hendrick Automotive','franchise','NC',22),
(4,'DriveTime Phoenix','independent','AZ',9),
(5,'Sonic Automotive','franchise',  'TX',15),
(6,'Asbury Automotive','franchise', 'FL',20),
(7,'Group 1 Auto','franchise',      'TX',17),
(8,'Penske Automotive','franchise', 'CA',25),
(9,'Lithia Motors','franchise',     'OR',14),
(10,'Ken Garff Auto','franchise',   'UT',11),
(11,'RightWay Auto','independent',  'MI',6),
(12,'Vroom Online','independent',   'NY',4),
(13,'Carvana Southeast','independent','GA',5),
(14,'EchoPark Auto','independent',  'CO',7),
(15,'America''s CarMart','independent','AR',16),
(16,'Holman Enterprises','franchise','NJ',21),
(17,'Serra Automotive','franchise', 'MI',13),
(18,'Germain Motor Co','franchise', 'OH',19),
(19,'Rosenthal Auto','franchise',   'VA',10),
(20,'Jim Koons Auto','franchise',   'MD',23),
(21,'West Herr Auto','franchise',   'NY',16),
(22,'Bergstrom Auto','franchise',   'WI',18),
(23,'Dobbs Tire & Auto','independent','MO',8),
(24,'Crown Auto Group','franchise', 'FL',12),
(25,'Dyer Mazda','franchise',       'FL',9);

-- ============================================================
-- TABLE 2: VEHICLES
-- ============================================================
CREATE TABLE IF NOT EXISTS vehicles (
    vehicle_id INTEGER PRIMARY KEY,
    vin TEXT NOT NULL,
    make TEXT NOT NULL,
    model TEXT NOT NULL,
    year INTEGER NOT NULL,
    trim TEXT NOT NULL,
    mileage INTEGER NOT NULL,
    color TEXT NOT NULL,
    condition_grade REAL NOT NULL,
    fuel_type TEXT NOT NULL,
    body_style TEXT NOT NULL
);

INSERT INTO vehicles VALUES
(1,'1HGBH41JXMN109186','Honda','Civic','2021','LX',32400,'White',3.8,'Gasoline','Sedan'),
(2,'2T1BURHE0JC043821','Toyota','Corolla','2022','LE',18900,'Silver',4.2,'Gasoline','Sedan'),
(3,'3VWFE21C04M000001','Volkswagen','Jetta','2020','S',45100,'Black',3.2,'Gasoline','Sedan'),
(4,'1FTFW1ET5DFC10312','Ford','F-150','2023','XLT',12300,'Blue',4.8,'Gasoline','Truck'),
(5,'1G1ZD5ST4JF123456','Chevrolet','Malibu','2021','LT',28700,'Red',3.6,'Gasoline','Sedan'),
(6,'WBAJB9C51JB083956','BMW','3 Series','2022','330i',22100,'White',4.5,'Gasoline','Sedan'),
(7,'JN1AZ4EH4FM730521','Nissan','Altima','2020','SR',51200,'Gray',3.0,'Gasoline','Sedan'),
(8,'1C4RJFBG8LC123789','Jeep','Grand Cherokee','2023','Laredo',9800,'Black',4.9,'Gasoline','SUV'),
(9,'5YJSA1DN5DFP14499','Tesla','Model 3','2022','Standard',19400,'White',4.7,'Electric','Sedan'),
(10,'2FMDK3JC8ABA12345','Ford','Edge','2021','SEL',33800,'Silver',3.5,'Gasoline','SUV'),
(11,'1GNSCAKC8FR123456','Chevrolet','Tahoe','2022','LT',27600,'Black',4.1,'Gasoline','SUV'),
(12,'WDC0G4KB1JV123456','Mercedes-Benz','GLC','2023','300',11200,'Gray',4.8,'Gasoline','SUV'),
(13,'5N1AT2MV8JC123456','Nissan','Rogue','2021','SV',38900,'Blue',3.4,'Gasoline','SUV'),
(14,'1HGCV1F30JA123456','Honda','Accord','2022','Sport',24500,'Red',4.0,'Gasoline','Sedan'),
(15,'4T1BF1FK8HU123456','Toyota','Camry','2023','SE',8700,'White',4.9,'Gasoline','Sedan'),
(16,'1FM5K8D85JGA12345','Ford','Explorer','2021','XLT',41200,'Silver',3.3,'Gasoline','SUV'),
(17,'KNDJP3A52J7123456','Kia','Soul','2022','LX',21300,'Yellow',4.3,'Gasoline','Hatchback'),
(18,'3KPF24AD8KE123456','Kia','Forte','2020','FE',49800,'Gray',2.9,'Gasoline','Sedan'),
(19,'5XXGT4L36JG123456','Kia','Optima','2021','LX',35600,'Black',3.7,'Gasoline','Sedan'),
(20,'1N4AL3AP8JC123456','Nissan','Altima','2022','S',17800,'White',4.4,'Gasoline','Sedan'),
(21,'2T3RFREV8JW123456','Toyota','RAV4','2023','LE',6500,'Blue',5.0,'Gasoline','SUV'),
(22,'1FTEX1CB8JKE12345','Ford','F-150','2021','XL',44300,'Gray',3.2,'Gasoline','Truck'),
(23,'5TDJZRFH8JS123456','Toyota','Highlander','2022','LE',19700,'Silver',4.3,'Gasoline','SUV'),
(24,'1G1ZE5ST4HF123456','Chevrolet','Malibu','2020','Premier',52100,'Red',2.8,'Gasoline','Sedan'),
(25,'WBA4J1C57JBM12345','BMW','4 Series','2023','430i',7600,'Black',4.9,'Gasoline','Coupe'),
(26,'1C4PJMDX8JD123456','Jeep','Cherokee','2021','Latitude',36700,'Blue',3.5,'Gasoline','SUV'),
(27,'19XFC2F52KE123456','Honda','Civic','2022','Sport',15400,'Orange',4.6,'Gasoline','Sedan'),
(28,'JTDKBRFU8J3123456','Toyota','Prius','2021','L Eco',29800,'Green',3.9,'Hybrid','Sedan'),
(29,'5YJYGDEE9MF123456','Tesla','Model Y','2022','Long Range',16200,'Red',4.8,'Electric','SUV'),
(30,'2GNAXUEV8J6123456','Chevrolet','Equinox','2021','LT',38400,'White',3.6,'Gasoline','SUV'),
(31,'1VWAA7A31JC123456','Volkswagen','Passat','2020','S',46700,'Silver',3.1,'Gasoline','Sedan'),
(32,'1G1FY6S04H4123456','Chevrolet','Bolt','2022','LT',22100,'Blue',4.5,'Electric','Hatchback'),
(33,'3CZRU6H58JM123456','Honda','HR-V','2021','LX',31500,'Gray',3.8,'Gasoline','SUV'),
(34,'5TDKRKEC8JS123456','Toyota','Sienna','2023','LE',5400,'Silver',5.0,'Hybrid','Minivan'),
(35,'1FMJU1HT8JEA12345','Ford','Expedition','2022','XLT',23400,'Black',4.2,'Gasoline','SUV'),
(36,'KM8J33A47JU123456','Hyundai','Tucson','2021','SE',33200,'White',3.7,'Gasoline','SUV'),
(37,'5NPE34AF8JH123456','Hyundai','Sonata','2022','SE',18600,'Blue',4.4,'Gasoline','Sedan'),
(38,'KMHD74LF8JU123456','Hyundai','Elantra','2023','SE',7900,'Gray',4.9,'Gasoline','Sedan'),
(39,'3N1AB7AP8JY123456','Nissan','Sentra','2021','S',40100,'Black',3.3,'Gasoline','Sedan'),
(40,'1C6RR7LT8JS123456','Ram','1500','2022','Big Horn',21800,'Silver',4.3,'Gasoline','Truck'),
(41,'1FTFW1RG8JFA12345','Ford','F-150','2021','Lariat',38900,'Blue',3.4,'Gasoline','Truck'),
(42,'2C3CDXHG8JH123456','Dodge','Charger','2022','SXT',19200,'Red',4.5,'Gasoline','Sedan'),
(43,'2C3CDXBG8JH123456','Dodge','Challenger','2021','SXT',27400,'Black',4.0,'Gasoline','Coupe'),
(44,'1C4HJXEG8JW123456','Jeep','Wrangler','2023','Sport',11600,'Green',4.7,'Gasoline','SUV'),
(45,'SALCT2BG8JH123456','Land Rover','Discovery Sport','2022','S',16900,'White',4.6,'Gasoline','SUV'),
(46,'WP0AA2A75JK123456','Porsche','Macan','2021','Base',28700,'Gray',4.1,'Gasoline','SUV'),
(47,'WAUF2AFC8JA123456','Audi','A4','2022','Premium',17300,'Black',4.7,'Gasoline','Sedan'),
(48,'WDDWF4KB8JR123456','Mercedes-Benz','C-Class','2023','C300',8900,'Silver',4.9,'Gasoline','Sedan'),
(49,'JTHBF1D28J5123456','Lexus','IS','2021','300',24600,'Blue',4.2,'Gasoline','Sedan'),
(50,'2T2BZMCA8JC123456','Lexus','RX','2022','350',13800,'White',4.8,'Gasoline','SUV'),
(51,'1HGBH41JXMN209186','Honda','Civic','2020','EX',55300,'Silver',2.7,'Gasoline','Sedan'),
(52,'2T1BURHE0JC143821','Toyota','Corolla','2021','XLE',31200,'Black',3.9,'Gasoline','Sedan'),
(53,'1FTFW1ET5DFC20312','Ford','F-150','2022','King Ranch',18700,'White',4.5,'Gasoline','Truck'),
(54,'1C4RJFBG8LC223789','Jeep','Grand Cherokee','2021','Limited',34100,'Silver',3.8,'Gasoline','SUV'),
(55,'5YJSA1DN5DFP24499','Tesla','Model 3','2023','Performance',6200,'Red',5.0,'Electric','Sedan'),
(56,'1GNSCAKC8FR223456','Chevrolet','Tahoe','2023','High Country',7800,'Black',5.0,'Gasoline','SUV'),
(57,'5N1AT2MV8JC223456','Nissan','Rogue','2022','SL',22400,'Blue',4.4,'Gasoline','SUV'),
(58,'1HGCV1F30JA223456','Honda','Accord','2021','Touring',29800,'Gray',3.9,'Gasoline','Sedan'),
(59,'4T1BF1FK8HU223456','Toyota','Camry','2022','XSE',16300,'Red',4.6,'Gasoline','Sedan'),
(60,'1FM5K8D85JGA22345','Ford','Explorer','2023','Platinum',9100,'White',4.9,'Gasoline','SUV'),
(61,'2T3RFREV8JW223456','Toyota','RAV4','2021','Adventure',37600,'Green',3.5,'Gasoline','SUV'),
(62,'5TDJZRFH8JS223456','Toyota','Highlander','2023','XLE',8300,'Silver',4.9,'Gasoline','SUV'),
(63,'KM8J33A47JU223456','Hyundai','Tucson','2022','SEL',21700,'Gray',4.3,'Gasoline','SUV'),
(64,'5NPE34AF8JH223456','Hyundai','Sonata','2023','SEL',9400,'Blue',4.8,'Gasoline','Sedan'),
(65,'1C6RR7LT8JS223456','Ram','1500','2023','Laramie',11200,'Black',4.9,'Gasoline','Truck'),
(66,'2C3CDXHG8JH223456','Dodge','Charger','2021','R/T',31400,'Red',3.6,'Gasoline','Sedan'),
(67,'1C4HJXEG8JW223456','Jeep','Wrangler','2022','Rubicon',24800,'Blue',4.2,'Gasoline','SUV'),
(68,'WAUF2AFC8JA223456','Audi','A4','2023','Premium Plus',12100,'White',4.8,'Gasoline','Sedan'),
(69,'JTHBF1D28J5223456','Lexus','IS','2022','350',19300,'Silver',4.5,'Gasoline','Sedan'),
(70,'2T2BZMCA8JC223456','Lexus','RX','2023','450h',7400,'Black',5.0,'Hybrid','SUV'),
(71,'1HGBH41JXMN309186','Honda','Pilot','2022','EX-L',21600,'White',4.3,'Gasoline','SUV'),
(72,'1FTFW1ET5DFC30312','Ford','Ranger','2021','XLT',38200,'Gray',3.4,'Gasoline','Truck'),
(73,'1G1ZE5ST4HF223456','Chevrolet','Malibu','2023','RS',11400,'Blue',4.8,'Gasoline','Sedan'),
(74,'3CZRU6H58JM223456','Honda','HR-V','2022','EX',18900,'Red',4.5,'Gasoline','SUV'),
(75,'5YJYGDEE9MF223456','Tesla','Model Y','2023','Standard Range',9800,'White',4.9,'Electric','SUV'),
(76,'1FM5K8D85JGA32345','Ford','Explorer','2020','Limited',47300,'Silver',3.0,'Gasoline','SUV'),
(77,'KNDJP3A52J7223456','Kia','Soul','2021','S',29100,'Yellow',4.0,'Gasoline','Hatchback'),
(78,'3KPF24AD8KE223456','Kia','Forte','2022','GT',18300,'Black',4.5,'Gasoline','Sedan'),
(79,'5XXGT4L36JG223456','Kia','Stinger','2021','GT-Line',33400,'Gray',3.8,'Gasoline','Sedan'),
(80,'KM8J33A47JU323456','Hyundai','Santa Fe','2022','SEL',20100,'Blue',4.4,'Gasoline','SUV'),
(81,'1HGBH41JXMN409186','Honda','Odyssey','2021','EX',36700,'Silver',3.5,'Gasoline','Minivan'),
(82,'2T1BURHE0JC243821','Toyota','Camry','2020','XLE',53800,'White',2.8,'Gasoline','Sedan'),
(83,'1FTFW1ET5DFC40312','Ford','F-250','2022','Lariat',22100,'Black',4.4,'Gasoline','Truck'),
(84,'1C4RJFBG8LC323789','Jeep','Grand Cherokee','2022','Overland',18600,'Blue',4.6,'Gasoline','SUV'),
(85,'5YJSA1DN5DFP34499','Tesla','Model S','2022','Plaid',14700,'Gray',4.8,'Electric','Sedan'),
(86,'1GNSCAKC8FR323456','Chevrolet','Suburban','2023','LT',8900,'White',4.9,'Gasoline','SUV'),
(87,'WDC0G4KB1JV223456','Mercedes-Benz','GLE','2022','350',16400,'Black',4.7,'Gasoline','SUV'),
(88,'WBAJB9C51JB183956','BMW','5 Series','2023','530i',9200,'Silver',4.9,'Gasoline','Sedan'),
(89,'WP0AA2A75JK223456','Porsche','Cayenne','2022','Base',17800,'White',4.6,'Gasoline','SUV'),
(90,'SALCT2BG8JH223456','Land Rover','Range Rover Sport','2021','HSE',28300,'Gray',4.1,'Gasoline','SUV'),
(91,'1HGBH41JXMN509186','Honda','Civic','2019','Si',61400,'Blue',2.5,'Gasoline','Sedan'),
(92,'4T1BF1FK8HU323456','Toyota','Avalon','2021','XLE',31200,'Black',3.9,'Gasoline','Sedan'),
(93,'1FM5K8D85JGA42345','Ford','Mustang','2022','GT',20800,'Red',4.5,'Gasoline','Coupe'),
(94,'2C3CDXHG8JH323456','Dodge','Durango','2021','GT',34600,'Silver',3.7,'Gasoline','SUV'),
(95,'1C4HJXEG8JW323456','Jeep','Gladiator','2022','Sport',21300,'Green',4.3,'Gasoline','Truck'),
(96,'KMHD74LF8JU223456','Hyundai','Ioniq 5','2022','SE Standard Range',18400,'White',4.6,'Electric','SUV'),
(97,'1G1FY6S04H4223456','Chevrolet','Bolt EUV','2023','LT',11200,'Blue',4.8,'Electric','SUV'),
(98,'JTDKBRFU8J3223456','Toyota','Prius Prime','2022','XLE',16700,'Silver',4.5,'Hybrid','Sedan'),
(99,'3N1AB7AP8JY223456','Nissan','Leaf','2022','SV Plus',19300,'White',4.4,'Electric','Hatchback'),
(100,'5TDKRKEC8JS223456','Toyota','4Runner','2021','SR5',37800,'Gray',3.5,'Gasoline','SUV');

-- vehicles 101-200
INSERT INTO vehicles VALUES
(101,'1HGBH41JXMN609186','Honda','CR-V','2022','EX',19800,'Blue',4.5,'Gasoline','SUV'),
(102,'2T1BURHE0JC343821','Toyota','Tacoma','2023','TRD Off-Road',8400,'Army Green',4.9,'Gasoline','Truck'),
(103,'1FTFW1ET5DFC50312','Ford','Bronco','2022','Big Bend',22600,'Orange',4.3,'Gasoline','SUV'),
(104,'1C4RJFBG8LC423789','Jeep','Compass','2021','Latitude',35100,'Silver',3.6,'Gasoline','SUV'),
(105,'5YJSA1DN5DFP44499','Tesla','Model X','2022','Long Range',17200,'White',4.7,'Electric','SUV'),
(106,'1GNSCAKC8FR423456','GMC','Yukon','2022','SLE',24300,'Black',4.2,'Gasoline','SUV'),
(107,'5N1AT2MV8JC323456','Nissan','Pathfinder','2023','S',9700,'Gray',4.9,'Gasoline','SUV'),
(108,'1HGCV1F30JA323456','Honda','Passport','2021','Sport',32800,'Blue',3.7,'Gasoline','SUV'),
(109,'1FM5K8D85JGA52345','Ford','Escape','2022','SEL',21400,'White',4.4,'Gasoline','SUV'),
(110,'2GNAXUEV8J6223456','Chevrolet','Trax','2023','LS',12600,'Red',4.8,'Gasoline','SUV'),
(111,'3CZRU6H58JM323456','Honda','Ridgeline','2022','RTL',18900,'Silver',4.5,'Gasoline','Truck'),
(112,'KM8J33A47JU423456','Hyundai','Palisade','2022','SE',22100,'Black',4.3,'Gasoline','SUV'),
(113,'5NPE34AF8JH323456','Hyundai','Kona','2021','SE',36200,'Yellow',3.5,'Gasoline','SUV'),
(114,'KNDJP3A52J7323456','Kia','Telluride','2023','LX',10300,'White',4.9,'Gasoline','SUV'),
(115,'3KPF24AD8KE323456','Kia','Sportage','2022','LX',19800,'Gray',4.4,'Gasoline','SUV'),
(116,'1C6RR7LT8JS323456','Ram','ProMaster','2021','1500',42600,'White',3.2,'Gasoline','Van'),
(117,'2C3CDXHG8JH423456','Dodge','Journey','2020','SE',54700,'Silver',2.6,'Gasoline','SUV'),
(118,'WAUF2AFC8JA323456','Audi','Q5','2022','Premium',18700,'Gray',4.6,'Gasoline','SUV'),
(119,'WBAJB9C51JB283956','BMW','X3','2023','sDrive30i',9800,'White',4.9,'Gasoline','SUV'),
(120,'WDC0G4KB1JV323456','Mercedes-Benz','GLA','2022','250',17400,'Black',4.6,'Gasoline','SUV'),
(121,'JTHBF1D28J5323456','Lexus','UX','2021','200',28300,'Silver',4.0,'Gasoline','SUV'),
(122,'2T2BZMCA8JC323456','Lexus','NX','2022','300',16100,'Blue',4.7,'Gasoline','SUV'),
(123,'WP0AA2A75JK323456','Porsche','Panamera','2022','4S',19200,'Black',4.6,'Gasoline','Sedan'),
(124,'SALCT2BG8JH323456','Land Rover','Defender','2023','110',12400,'Green',4.8,'Gasoline','SUV'),
(125,'1HGBH41JXMN709186','Honda','Insight','2021','Touring',31600,'White',3.8,'Hybrid','Sedan'),
(126,'4T1BF1FK8HU423456','Toyota','Venza','2022','XLE',17800,'Silver',4.6,'Hybrid','SUV'),
(127,'1FM5K8D85JGA62345','Ford','Maverick','2022','XL',26300,'Gray',4.1,'Hybrid','Truck'),
(128,'2C3CDXHG8JH523456','Dodge','Ram 1500 Classic','2021','Tradesman',40200,'White',3.3,'Gasoline','Truck'),
(129,'5XXGT4L36JG323456','Kia','K5','2022','LXS',21400,'Red',4.4,'Gasoline','Sedan'),
(130,'KM8J33A47JU523456','Hyundai','Venue','2021','SE',33700,'Yellow',3.6,'Gasoline','SUV'),
(131,'1FTFW1RG8JFA22345','Ford','F-350','2022','XLT',27800,'Blue',4.2,'Gasoline','Truck'),
(132,'1G1ZD5ST4JF223456','Chevrolet','Spark','2021','LS',44800,'Green',3.0,'Gasoline','Hatchback'),
(133,'3VWFE21C04M100001','Volkswagen','Tiguan','2022','SE',18400,'Gray',4.5,'Gasoline','SUV'),
(134,'3VWFE21C04M200001','Volkswagen','Atlas','2023','SE',11100,'Silver',4.8,'Gasoline','SUV'),
(135,'3VWFE21C04M300001','Volkswagen','Golf GTI','2022','S',16700,'Red',4.6,'Gasoline','Hatchback'),
(136,'WDDWF4KB8JR223456','Mercedes-Benz','E-Class','2022','E350',19300,'Black',4.6,'Gasoline','Sedan'),
(137,'WBA4J1C57JBM22345','BMW','X5','2023','xDrive40i',9100,'White',4.9,'Gasoline','SUV'),
(138,'WAUF2AFC8JA423456','Audi','Q7','2022','Premium',16800,'Gray',4.7,'Gasoline','SUV'),
(139,'WAUF2AFC8JA523456','Audi','e-tron','2022','Premium',18200,'Blue',4.6,'Electric','SUV'),
(140,'KMHD74LF8JU323456','Hyundai','Ioniq 6','2023','SE Standard Range',8600,'White',4.9,'Electric','Sedan'),
(141,'1N4AL3AP8JC223456','Nissan','Murano','2021','S',37400,'Silver',3.5,'Gasoline','SUV'),
(142,'3N1AB7AP8JY323456','Nissan','Kicks','2022','S',22800,'Orange',4.3,'Gasoline','SUV'),
(143,'5TDKRKEC8JS323456','Toyota','Sequoia','2022','SR5',21600,'Black',4.3,'Hybrid','SUV'),
(144,'JTDKBRFU8J3323456','Toyota','RAV4 Prime','2022','XSE',17400,'Blue',4.7,'Hybrid','SUV'),
(145,'5YJYGDEE9MF323456','Tesla','Model 3','2021','Long Range',28300,'Gray',4.1,'Electric','Sedan'),
(146,'1G1FY6S04H4323456','Chevrolet','Blazer','2022','LT',22700,'Red',4.4,'Gasoline','SUV'),
(147,'1C4PJMDX8JD223456','Jeep','Renegade','2021','Sport',38900,'Blue',3.3,'Gasoline','SUV'),
(148,'1FM5K8D85JGA72345','Ford','EcoSport','2020','SE',51300,'Silver',2.7,'Gasoline','SUV'),
(149,'1GNSCAKC8FR523456','GMC','Sierra 1500','2022','SLE',21800,'Gray',4.4,'Gasoline','Truck'),
(150,'1GNSCAKC8FR623456','GMC','Terrain','2023','SLE',11400,'White',4.8,'Gasoline','SUV'),
(151,'1HGBH41JXMN809186','Honda','Fit','2020','LX',48700,'Blue',3.1,'Gasoline','Hatchback'),
(152,'2T1BURHE0JC443821','Toyota','C-HR','2021','LE',33200,'Red',3.7,'Gasoline','SUV'),
(153,'1FTFW1ET5DFC60312','Ford','Transit','2022','150',28400,'White',4.1,'Gasoline','Van'),
(154,'1C4RJFBG8LC523789','Jeep','Wrangler 4xe','2023','Sahara',12800,'Blue',4.8,'Hybrid','SUV'),
(155,'5YJSA1DN5DFP54499','Tesla','Cybertruck','2024','AWD',4200,'Silver',5.0,'Electric','Truck'),
(156,'1GNSCAKC8FR723456','Chevrolet','Colorado','2022','LT',24600,'Gray',4.3,'Gasoline','Truck'),
(157,'5N1AT2MV8JC423456','Nissan','Armada','2022','S',26300,'Black',4.2,'Gasoline','SUV'),
(158,'1HGCV1F30JA423456','Honda','Element','2019','EX',62100,'Green',2.4,'Gasoline','SUV'),
(159,'4T1BF1FK8HU523456','Toyota','Tundra','2022','SR5',19800,'White',4.5,'Gasoline','Truck'),
(160,'1FM5K8D85JGA82345','Ford','Transit Connect','2021','XLT',36700,'Silver',3.5,'Gasoline','Van'),
(161,'KM8J33A47JU623456','Hyundai','Nexo','2022','Blue',18400,'White',4.6,'Hydrogen','SUV'),
(162,'5NPE34AF8JH423456','Hyundai','Elantra N','2022','Base',17100,'Performance Blue',4.7,'Gasoline','Sedan'),
(163,'KNDJP3A52J7423456','Kia','EV6','2022','Light',16800,'Gray',4.7,'Electric','SUV'),
(164,'3KPF24AD8KE423456','Kia','Carnival','2022','LX',24300,'Silver',4.3,'Gasoline','Minivan'),
(165,'1C6RR7LT8JS423456','Ram','2500','2022','Tradesman',27800,'Black',4.2,'Gasoline','Truck'),
(166,'WAUF2AFC8JA623456','Audi','A6','2022','Premium',19700,'Gray',4.6,'Gasoline','Sedan'),
(167,'WBAJB9C51JB383956','BMW','7 Series','2023','740i',11200,'Black',4.9,'Gasoline','Sedan'),
(168,'WDC0G4KB1JV423456','Mercedes-Benz','S-Class','2022','S500',16800,'Silver',4.8,'Gasoline','Sedan'),
(169,'WP0AA2A75JK423456','Porsche','911','2022','Carrera',19300,'White',4.7,'Gasoline','Coupe'),
(170,'SALCT2BG8JH423456','Land Rover','Range Rover','2023','SE',13700,'Black',4.9,'Gasoline','SUV'),
(171,'2T2BZMCA8JC423456','Lexus','GX','2021','460',29800,'Gray',4.0,'Gasoline','SUV'),
(172,'JTHBF1D28J5423456','Lexus','ES','2022','350',17200,'Blue',4.7,'Gasoline','Sedan'),
(173,'1HGBH41JXMN909186','Honda','Ridgeline','2021','RTL-E',32100,'Silver',3.8,'Gasoline','Truck'),
(174,'4T1BF1FK8HU623456','Toyota','GR86','2022','Base',18400,'Red',4.6,'Gasoline','Coupe'),
(175,'1FM5K8D85JGA92345','Ford','Bronco Sport','2022','Big Bend',21600,'Blue',4.4,'Gasoline','SUV'),
(176,'3CZRU6H58JM423456','Honda','Accord Hybrid','2022','Sport',16800,'Gray',4.7,'Hybrid','Sedan'),
(177,'5YJYGDEE9MF423456','Tesla','Model S','2021','Long Range',24600,'White',4.3,'Electric','Sedan'),
(178,'1G1ZD5ST4JF323456','Chevrolet','Camaro','2022','LT1',19200,'Yellow',4.5,'Gasoline','Coupe'),
(179,'2GNAXUEV8J6323456','Chevrolet','Traverse','2022','LS',22400,'Black',4.3,'Gasoline','SUV'),
(180,'1C4PJMDX8JD323456','Jeep','Pacifica','2022','Touring',24800,'Silver',4.3,'Gasoline','Minivan'),
(181,'3VWFE21C04M400001','Volkswagen','ID.4','2022','Pro',18900,'White',4.6,'Electric','SUV'),
(182,'WDDWF4KB8JR323456','Mercedes-Benz','EQS','2022','450+',19800,'Black',4.7,'Electric','Sedan'),
(183,'WBA4J1C57JBM32345','BMW','iX','2022','xDrive50',17300,'Blue',4.7,'Electric','SUV'),
(184,'WAUF2AFC8JA723456','Audi','Q8 e-tron','2023','Premium',13400,'Gray',4.9,'Electric','SUV'),
(185,'KMHD74LF8JU423456','Hyundai','Tucson Hybrid','2022','Blue',19700,'Silver',4.6,'Hybrid','SUV'),
(186,'5TDKRKEC8JS423456','Toyota','Highlander Hybrid','2022','XLE',18100,'White',4.6,'Hybrid','SUV'),
(187,'1N4AL3AP8JC323456','Nissan','Frontier','2022','S',28300,'Gray',4.2,'Gasoline','Truck'),
(188,'1GNSCAKC8FR823456','GMC','Canyon','2022','SLE',27600,'Blue',4.2,'Gasoline','Truck'),
(189,'1G1FY6S04H4423456','Chevrolet','Trailblazer','2022','LS',24200,'Orange',4.3,'Gasoline','SUV'),
(190,'KNDJP3A52J7523456','Kia','Sorento','2022','LX',22800,'Black',4.4,'Gasoline','SUV'),
(191,'KM8J33A47JU723456','Hyundai','Santa Cruz','2022','SE',28400,'Blue',4.2,'Gasoline','Truck'),
(192,'3KPF24AD8KE523456','Kia','Niro EV','2022','EX',18600,'Green',4.5,'Electric','SUV'),
(193,'1C6RR7LT8JS523456','Ram','3500','2022','Big Horn',22300,'White',4.3,'Gasoline','Truck'),
(194,'2C3CDXHG8JH623456','Dodge','Hornet','2023','GT',14800,'Red',4.8,'Gasoline','SUV'),
(195,'1FTFW1RG8JFA32345','Ford','F-150 Lightning','2022','Pro',21400,'Silver',4.5,'Electric','Truck'),
(196,'1C4HJXEG8JW423456','Jeep','Grand Wagoneer','2022','Series I',18900,'Black',4.6,'Gasoline','SUV'),
(197,'SALCT2BG8JH523456','Land Rover','Freelander','2020','SE',44800,'Gray',3.1,'Gasoline','SUV'),
(198,'WP0AA2A75JK523456','Porsche','Taycan','2022','4S',17600,'White',4.7,'Electric','Sedan'),
(199,'WBAJB9C51JB483956','BMW','i4','2022','eDrive40',18300,'Blue',4.6,'Electric','Sedan'),
(200,'WDDWF4KB8JR423456','Mercedes-Benz','EQB','2022','350',19100,'Silver',4.6,'Electric','SUV');

-- ============================================================
-- TABLE 3: AUCTIONS
-- ============================================================
CREATE TABLE IF NOT EXISTS auctions (
    auction_id INTEGER PRIMARY KEY,
    vehicle_id INTEGER NOT NULL,
    auction_date TEXT NOT NULL,
    location TEXT NOT NULL,
    lane_number INTEGER NOT NULL,
    sale_type TEXT NOT NULL,
    FOREIGN KEY (vehicle_id) REFERENCES vehicles(vehicle_id)
);

INSERT INTO auctions VALUES
(1,1,'2024-01-08','Atlanta, GA',3,'Physical'),
(2,2,'2024-01-08','Atlanta, GA',1,'Physical'),
(3,3,'2024-01-09','Dallas, TX',5,'Physical'),
(4,4,'2024-01-10','Dallas, TX',2,'Physical'),
(5,5,'2024-01-11','Orlando, FL',4,'Physical'),
(6,6,'2024-01-12','Charlotte, NC',1,'Digital'),
(7,7,'2024-01-15','Atlanta, GA',6,'Physical'),
(8,8,'2024-01-15','Phoenix, AZ',3,'Physical'),
(9,9,'2024-01-16','Los Angeles, CA',2,'Digital'),
(10,10,'2024-01-17','Atlanta, GA',4,'Physical'),
(11,11,'2024-01-18','Dallas, TX',1,'Physical'),
(12,12,'2024-01-19','Charlotte, NC',2,'Digital'),
(13,13,'2024-01-22','Orlando, FL',5,'Physical'),
(14,14,'2024-01-22','Atlanta, GA',3,'Physical'),
(15,15,'2024-01-23','Dallas, TX',1,'Physical'),
(16,16,'2024-01-24','Phoenix, AZ',4,'Physical'),
(17,17,'2024-01-25','Los Angeles, CA',2,'Digital'),
(18,18,'2024-01-26','Atlanta, GA',6,'Physical'),
(19,19,'2024-01-29','Charlotte, NC',3,'Physical'),
(20,20,'2024-01-29','Dallas, TX',1,'Physical'),
(21,21,'2024-01-30','Orlando, FL',2,'Physical'),
(22,22,'2024-01-31','Atlanta, GA',5,'Physical'),
(23,23,'2024-02-01','Dallas, TX',1,'Physical'),
(24,24,'2024-02-02','Phoenix, AZ',3,'Physical'),
(25,25,'2024-02-05','Charlotte, NC',2,'Digital'),
(26,26,'2024-02-05','Atlanta, GA',4,'Physical'),
(27,27,'2024-02-06','Los Angeles, CA',1,'Digital'),
(28,28,'2024-02-07','Dallas, TX',3,'Physical'),
(29,29,'2024-02-08','Orlando, FL',2,'Digital'),
(30,30,'2024-02-09','Atlanta, GA',5,'Physical'),
(31,31,'2024-02-12','Charlotte, NC',1,'Physical'),
(32,32,'2024-02-12','Dallas, TX',3,'Digital'),
(33,33,'2024-02-13','Phoenix, AZ',4,'Physical'),
(34,34,'2024-02-14','Atlanta, GA',2,'Physical'),
(35,35,'2024-02-15','Los Angeles, CA',1,'Digital'),
(36,36,'2024-02-16','Dallas, TX',5,'Physical'),
(37,37,'2024-02-19','Orlando, FL',3,'Physical'),
(38,38,'2024-02-19','Atlanta, GA',1,'Physical'),
(39,39,'2024-02-20','Charlotte, NC',4,'Physical'),
(40,40,'2024-02-21','Dallas, TX',2,'Physical'),
(41,41,'2024-02-22','Phoenix, AZ',3,'Physical'),
(42,42,'2024-02-23','Atlanta, GA',1,'Physical'),
(43,43,'2024-02-26','Los Angeles, CA',2,'Digital'),
(44,44,'2024-02-26','Dallas, TX',4,'Physical'),
(45,45,'2024-02-27','Orlando, FL',3,'Digital'),
(46,46,'2024-02-28','Atlanta, GA',5,'Physical'),
(47,47,'2024-02-29','Charlotte, NC',1,'Physical'),
(48,48,'2024-03-01','Dallas, TX',2,'Physical'),
(49,49,'2024-03-04','Phoenix, AZ',3,'Physical'),
(50,50,'2024-03-04','Atlanta, GA',1,'Digital'),
(51,51,'2024-03-05','Los Angeles, CA',4,'Physical'),
(52,52,'2024-03-06','Dallas, TX',2,'Physical'),
(53,53,'2024-03-07','Orlando, FL',5,'Physical'),
(54,54,'2024-03-08','Atlanta, GA',3,'Physical'),
(55,55,'2024-03-11','Charlotte, NC',1,'Digital'),
(56,56,'2024-03-11','Dallas, TX',2,'Physical'),
(57,57,'2024-03-12','Phoenix, AZ',4,'Physical'),
(58,58,'2024-03-13','Atlanta, GA',3,'Physical'),
(59,59,'2024-03-14','Los Angeles, CA',1,'Digital'),
(60,60,'2024-03-15','Dallas, TX',5,'Physical'),
(61,61,'2024-03-18','Orlando, FL',2,'Physical'),
(62,62,'2024-03-18','Atlanta, GA',1,'Physical'),
(63,63,'2024-03-19','Charlotte, NC',3,'Physical'),
(64,64,'2024-03-20','Dallas, TX',4,'Physical'),
(65,65,'2024-03-21','Phoenix, AZ',2,'Physical'),
(66,66,'2024-03-22','Atlanta, GA',5,'Physical'),
(67,67,'2024-03-25','Los Angeles, CA',1,'Digital'),
(68,68,'2024-03-25','Dallas, TX',3,'Physical'),
(69,69,'2024-03-26','Orlando, FL',2,'Physical'),
(70,70,'2024-03-27','Atlanta, GA',4,'Digital'),
(71,71,'2024-04-01','Charlotte, NC',1,'Physical'),
(72,72,'2024-04-01','Dallas, TX',3,'Physical'),
(73,73,'2024-04-02','Phoenix, AZ',5,'Physical'),
(74,74,'2024-04-03','Atlanta, GA',2,'Physical'),
(75,75,'2024-04-04','Los Angeles, CA',1,'Digital'),
(76,76,'2024-04-05','Dallas, TX',4,'Physical'),
(77,77,'2024-04-08','Orlando, FL',3,'Physical'),
(78,78,'2024-04-08','Atlanta, GA',1,'Physical'),
(79,79,'2024-04-09','Charlotte, NC',2,'Physical'),
(80,80,'2024-04-10','Dallas, TX',5,'Physical'),
(81,81,'2024-04-11','Phoenix, AZ',3,'Physical'),
(82,82,'2024-04-12','Atlanta, GA',1,'Physical'),
(83,83,'2024-04-15','Los Angeles, CA',2,'Physical'),
(84,84,'2024-04-15','Dallas, TX',4,'Physical'),
(85,85,'2024-04-16','Orlando, FL',1,'Digital'),
(86,86,'2024-04-17','Atlanta, GA',3,'Physical'),
(87,87,'2024-04-18','Charlotte, NC',5,'Digital'),
(88,88,'2024-04-19','Dallas, TX',2,'Physical'),
(89,89,'2024-04-22','Phoenix, AZ',1,'Physical'),
(90,90,'2024-04-22','Atlanta, GA',4,'Physical'),
(91,91,'2024-04-23','Los Angeles, CA',3,'Physical'),
(92,92,'2024-04-24','Dallas, TX',1,'Physical'),
(93,93,'2024-04-25','Orlando, FL',2,'Physical'),
(94,94,'2024-04-26','Atlanta, GA',5,'Physical'),
(95,95,'2024-04-29','Charlotte, NC',1,'Physical'),
(96,96,'2024-04-29','Dallas, TX',3,'Digital'),
(97,97,'2024-04-30','Phoenix, AZ',4,'Physical'),
(98,98,'2024-05-01','Atlanta, GA',2,'Physical'),
(99,99,'2024-05-02','Los Angeles, CA',1,'Digital'),
(100,100,'2024-05-03','Dallas, TX',5,'Physical'),
(101,101,'2024-05-06','Orlando, FL',3,'Physical'),
(102,102,'2024-05-06','Atlanta, GA',1,'Physical'),
(103,103,'2024-05-07','Charlotte, NC',2,'Physical'),
(104,104,'2024-05-08','Dallas, TX',4,'Physical'),
(105,105,'2024-05-09','Phoenix, AZ',1,'Digital'),
(106,106,'2024-05-10','Atlanta, GA',3,'Physical'),
(107,107,'2024-05-13','Los Angeles, CA',5,'Physical'),
(108,108,'2024-05-13','Dallas, TX',2,'Physical'),
(109,109,'2024-05-14','Orlando, FL',1,'Physical'),
(110,110,'2024-05-15','Atlanta, GA',4,'Physical'),
(111,111,'2024-05-16','Charlotte, NC',3,'Physical'),
(112,112,'2024-05-17','Dallas, TX',1,'Physical'),
(113,113,'2024-05-20','Phoenix, AZ',2,'Physical'),
(114,114,'2024-05-20','Atlanta, GA',5,'Physical'),
(115,115,'2024-05-21','Los Angeles, CA',3,'Digital'),
(116,116,'2024-05-22','Dallas, TX',1,'Physical'),
(117,117,'2024-05-23','Orlando, FL',4,'Physical'),
(118,118,'2024-05-24','Atlanta, GA',2,'Physical'),
(119,119,'2024-05-27','Charlotte, NC',1,'Physical'),
(120,120,'2024-05-27','Dallas, TX',3,'Physical'),
(121,121,'2024-05-28','Phoenix, AZ',5,'Physical'),
(122,122,'2024-05-29','Atlanta, GA',2,'Physical'),
(123,123,'2024-05-30','Los Angeles, CA',1,'Digital'),
(124,124,'2024-05-31','Dallas, TX',4,'Physical'),
(125,125,'2024-06-03','Orlando, FL',3,'Physical'),
(126,126,'2024-06-03','Atlanta, GA',1,'Physical'),
(127,127,'2024-06-04','Charlotte, NC',2,'Physical'),
(128,128,'2024-06-05','Dallas, TX',5,'Physical'),
(129,129,'2024-06-06','Phoenix, AZ',1,'Physical'),
(130,130,'2024-06-07','Atlanta, GA',3,'Physical'),
(131,131,'2024-06-10','Los Angeles, CA',4,'Physical'),
(132,132,'2024-06-10','Dallas, TX',2,'Physical'),
(133,133,'2024-06-11','Orlando, FL',1,'Physical'),
(134,134,'2024-06-12','Atlanta, GA',5,'Digital'),
(135,135,'2024-06-13','Charlotte, NC',3,'Physical'),
(136,136,'2024-06-14','Dallas, TX',1,'Physical'),
(137,137,'2024-06-17','Phoenix, AZ',2,'Physical'),
(138,138,'2024-06-17','Atlanta, GA',4,'Physical'),
(139,139,'2024-06-18','Los Angeles, CA',1,'Digital'),
(140,140,'2024-06-19','Dallas, TX',3,'Physical'),
(141,141,'2024-06-20','Orlando, FL',5,'Physical'),
(142,142,'2024-06-21','Atlanta, GA',2,'Physical'),
(143,143,'2024-06-24','Charlotte, NC',1,'Physical'),
(144,144,'2024-06-24','Dallas, TX',3,'Physical'),
(145,145,'2024-06-25','Phoenix, AZ',4,'Digital'),
(146,146,'2024-06-26','Atlanta, GA',2,'Physical'),
(147,147,'2024-06-27','Los Angeles, CA',1,'Physical'),
(148,148,'2024-06-28','Dallas, TX',5,'Physical'),
(149,149,'2024-07-01','Orlando, FL',3,'Physical'),
(150,150,'2024-07-01','Atlanta, GA',1,'Physical'),
(151,151,'2024-07-02','Charlotte, NC',2,'Physical'),
(152,152,'2024-07-03','Dallas, TX',4,'Physical'),
(153,153,'2024-07-05','Phoenix, AZ',1,'Physical'),
(154,154,'2024-07-08','Atlanta, GA',3,'Physical'),
(155,155,'2024-07-08','Los Angeles, CA',2,'Digital'),
(156,156,'2024-07-09','Dallas, TX',5,'Physical'),
(157,157,'2024-07-10','Orlando, FL',1,'Physical'),
(158,158,'2024-07-11','Atlanta, GA',4,'Physical'),
(159,159,'2024-07-12','Charlotte, NC',3,'Physical'),
(160,160,'2024-07-15','Dallas, TX',1,'Physical'),
(161,161,'2024-07-15','Phoenix, AZ',2,'Digital'),
(162,162,'2024-07-16','Atlanta, GA',5,'Physical'),
(163,163,'2024-07-17','Los Angeles, CA',1,'Digital'),
(164,164,'2024-07-18','Dallas, TX',3,'Physical'),
(165,165,'2024-07-19','Orlando, FL',4,'Physical'),
(166,166,'2024-07-22','Atlanta, GA',2,'Physical'),
(167,167,'2024-07-22','Charlotte, NC',1,'Digital'),
(168,168,'2024-07-23','Dallas, TX',5,'Physical'),
(169,169,'2024-07-24','Phoenix, AZ',3,'Physical'),
(170,170,'2024-07-25','Atlanta, GA',1,'Physical'),
(171,171,'2024-07-26','Los Angeles, CA',4,'Physical'),
(172,172,'2024-07-29','Dallas, TX',2,'Physical'),
(173,173,'2024-07-29','Orlando, FL',1,'Physical'),
(174,174,'2024-07-30','Atlanta, GA',3,'Physical'),
(175,175,'2024-07-31','Charlotte, NC',5,'Physical'),
(176,176,'2024-08-01','Dallas, TX',1,'Physical'),
(177,177,'2024-08-02','Phoenix, AZ',2,'Digital'),
(178,178,'2024-08-05','Atlanta, GA',4,'Physical'),
(179,179,'2024-08-05','Los Angeles, CA',3,'Physical'),
(180,180,'2024-08-06','Dallas, TX',1,'Physical'),
(181,181,'2024-08-07','Orlando, FL',2,'Digital'),
(182,182,'2024-08-08','Atlanta, GA',5,'Digital'),
(183,183,'2024-08-09','Charlotte, NC',1,'Digital'),
(184,184,'2024-08-12','Dallas, TX',3,'Physical'),
(185,185,'2024-08-12','Phoenix, AZ',4,'Physical'),
(186,186,'2024-08-13','Atlanta, GA',2,'Physical'),
(187,187,'2024-08-14','Los Angeles, CA',1,'Physical'),
(188,188,'2024-08-15','Dallas, TX',5,'Physical'),
(189,189,'2024-08-16','Orlando, FL',3,'Physical'),
(190,190,'2024-08-19','Atlanta, GA',1,'Physical'),
(191,191,'2024-08-19','Charlotte, NC',2,'Physical'),
(192,192,'2024-08-20','Dallas, TX',4,'Digital'),
(193,193,'2024-08-21','Phoenix, AZ',1,'Physical'),
(194,194,'2024-08-22','Atlanta, GA',3,'Physical'),
(195,195,'2024-08-23','Los Angeles, CA',5,'Digital'),
(196,196,'2024-08-26','Dallas, TX',2,'Physical'),
(197,197,'2024-08-27','Orlando, FL',1,'Physical'),
(198,198,'2024-08-28','Atlanta, GA',4,'Digital'),
(199,199,'2024-08-29','Charlotte, NC',3,'Digital'),
(200,200,'2024-08-30','Dallas, TX',1,'Physical');

-- ============================================================
-- TABLE 4: TRANSACTIONS
-- ============================================================
CREATE TABLE IF NOT EXISTS transactions (
    transaction_id INTEGER PRIMARY KEY,
    auction_id INTEGER NOT NULL,
    seller_id INTEGER NOT NULL,
    buyer_id INTEGER NOT NULL,
    sale_price REAL NOT NULL,
    mmr_value REAL NOT NULL,
    sale_status TEXT NOT NULL,
    FOREIGN KEY (auction_id) REFERENCES auctions(auction_id),
    FOREIGN KEY (seller_id) REFERENCES dealers(dealer_id),
    FOREIGN KEY (buyer_id) REFERENCES dealers(dealer_id)
);

INSERT INTO transactions VALUES
(1,1,3,13,14200,14800,'Sold'),
(2,2,1,12,17400,17100,'Sold'),
(3,3,5,14,11800,12200,'No Sale'),
(4,4,7,2,38900,37500,'Sold'),
(5,5,6,24,14600,15100,'Sold'),
(6,6,8,19,42300,41800,'Sold'),
(7,7,2,15,13100,13400,'No Sale'),
(8,8,9,1,47200,46900,'Sold'),
(9,9,11,20,34800,35200,'Sold'),
(10,10,4,22,22100,22600,'Sold'),
(11,11,3,16,56800,55400,'Sold'),
(12,12,6,13,68400,67200,'Sold'),
(13,13,7,25,19200,19800,'No Sale'),
(14,14,1,11,24600,24200,'Sold'),
(15,15,8,17,28900,28400,'Sold'),
(16,16,2,23,31200,31800,'Sold'),
(17,17,5,14,16800,17200,'Sold'),
(18,18,9,19,12400,12900,'No Sale'),
(19,19,4,20,18700,18300,'Sold'),
(20,20,3,12,16900,17400,'Sold'),
(21,21,6,21,32400,31900,'Sold'),
(22,22,1,15,36700,37200,'Sold'),
(23,23,7,18,21300,21800,'Sold'),
(24,24,8,24,13600,13200,'No Sale'),
(25,25,2,16,89400,88200,'Sold'),
(26,26,5,13,27800,28300,'Sold'),
(27,27,9,17,38900,38400,'Sold'),
(28,28,4,22,28400,28900,'Sold'),
(29,29,3,19,41200,40800,'Sold'),
(30,30,6,25,21800,22300,'Sold'),
(31,31,1,14,14200,13800,'No Sale'),
(32,32,7,20,38400,38900,'Sold'),
(33,33,8,11,19600,20100,'Sold'),
(34,34,2,23,51400,50800,'Sold'),
(35,35,5,16,68200,67400,'Sold'),
(36,36,9,18,22400,22900,'Sold'),
(37,37,4,21,24800,25300,'Sold'),
(38,38,3,15,22100,21600,'Sold'),
(39,39,6,12,13800,14300,'No Sale'),
(40,40,1,17,46800,46200,'Sold'),
(41,41,7,24,41200,40800,'Sold'),
(42,42,8,19,28400,28900,'Sold'),
(43,43,2,22,34600,34200,'Sold'),
(44,44,5,13,46800,46200,'Sold'),
(45,45,9,20,72400,71800,'Sold'),
(46,46,4,25,94800,93600,'Sold'),
(47,47,3,16,48200,47600,'Sold'),
(48,48,6,11,68900,68200,'Sold'),
(49,49,1,18,38400,38900,'Sold'),
(50,50,7,14,62400,61800,'Sold'),
(51,51,8,23,11200,11800,'No Sale'),
(52,52,2,17,19800,20300,'Sold'),
(53,53,5,20,58400,57800,'Sold'),
(54,54,9,21,29800,30300,'Sold'),
(55,55,4,24,68400,67800,'Sold'),
(56,56,3,15,88400,87200,'Sold'),
(57,57,6,12,22400,22900,'Sold'),
(58,58,1,19,31800,32300,'Sold'),
(59,59,7,16,34800,34300,'Sold'),
(60,60,8,22,78400,77800,'Sold'),
(61,61,2,18,28400,28900,'No Sale'),
(62,62,5,25,42800,42300,'Sold'),
(63,63,9,13,24200,24700,'Sold'),
(64,64,4,17,28900,28400,'Sold'),
(65,65,3,20,58400,57800,'Sold'),
(66,66,6,14,29800,30300,'Sold'),
(67,67,1,21,44800,44200,'Sold'),
(68,68,7,24,56800,56200,'Sold'),
(69,69,8,11,44200,43800,'Sold'),
(70,70,2,18,92400,91800,'Sold'),
(71,71,5,22,38400,37900,'Sold'),
(72,72,9,19,31800,32300,'Sold'),
(73,73,4,16,18400,18900,'Sold'),
(74,74,3,23,21800,22300,'Sold'),
(75,75,6,15,52400,51800,'Sold'),
(76,76,1,12,24200,24700,'No Sale'),
(77,77,7,20,18800,19300,'Sold'),
(78,78,8,17,21200,21700,'Sold'),
(79,79,2,24,36400,35900,'Sold'),
(80,80,5,13,28800,29300,'Sold'),
(81,81,9,21,34200,33700,'Sold'),
(82,82,4,14,18800,19300,'No Sale'),
(83,83,3,22,64800,64200,'Sold'),
(84,84,6,18,36800,37300,'Sold'),
(85,85,1,25,98400,97200,'Sold'),
(86,86,7,19,74800,74200,'Sold'),
(87,87,8,16,72400,71800,'Sold'),
(88,88,2,23,62400,61800,'Sold'),
(89,89,5,11,94800,94200,'Sold'),
(90,90,9,15,54800,54200,'Sold'),
(91,91,4,12,9800,10300,'No Sale'),
(92,92,3,20,32400,31900,'Sold'),
(93,93,6,17,36800,37300,'Sold'),
(94,94,1,24,38400,37900,'Sold'),
(95,95,7,13,42800,42300,'Sold'),
(96,96,8,21,48400,47800,'Sold'),
(97,97,2,18,38800,38300,'Sold'),
(98,98,5,22,32400,31900,'Sold'),
(99,99,9,19,32400,31900,'Sold'),
(100,100,4,16,38400,37900,'Sold'),
(101,101,3,14,32400,31900,'Sold'),
(102,102,6,25,42800,42300,'Sold'),
(103,103,1,12,48400,47900,'Sold'),
(104,104,7,20,29800,30300,'Sold'),
(105,105,8,17,114800,114200,'Sold'),
(106,106,2,23,58400,57900,'Sold'),
(107,107,5,15,34800,35300,'Sold'),
(108,108,9,11,34200,34700,'Sold'),
(109,109,4,18,26400,26900,'Sold'),
(110,110,3,22,22400,22900,'Sold'),
(111,111,6,19,38400,37900,'Sold'),
(112,112,1,16,74800,74200,'Sold'),
(113,113,7,24,22800,23300,'No Sale'),
(114,114,8,13,28400,28900,'Sold'),
(115,115,2,21,26400,26900,'Sold'),
(116,116,5,25,48400,47900,'Sold'),
(117,117,9,12,16200,16700,'No Sale'),
(118,118,4,17,54800,54200,'Sold'),
(119,119,3,20,68400,67800,'Sold'),
(120,120,6,14,34400,34900,'Sold'),
(121,121,1,22,32400,31900,'Sold'),
(122,122,7,19,44400,43900,'Sold'),
(123,123,8,16,68400,67900,'Sold'),
(124,124,2,11,26400,26900,'Sold'),
(125,125,5,23,32400,31900,'Sold'),
(126,126,9,18,38400,37900,'Sold'),
(127,127,4,15,29400,29900,'Sold'),
(128,128,3,24,28400,28900,'Sold'),
(129,129,6,21,24400,24900,'Sold'),
(130,130,1,12,16800,17300,'No Sale'),
(131,131,7,20,64800,64200,'Sold'),
(132,132,8,17,13200,13700,'Sold'),
(133,133,2,25,28800,29300,'Sold'),
(134,134,5,19,44800,44200,'Sold'),
(135,135,9,16,26400,26900,'Sold'),
(136,136,4,13,28800,29300,'Sold'),
(137,137,3,22,44800,44200,'Sold'),
(138,138,6,14,64800,64200,'Sold'),
(139,139,1,11,68400,67800,'Sold'),
(140,140,7,18,32800,33300,'Sold'),
(141,141,8,24,36800,37300,'No Sale'),
(142,142,2,15,18400,18900,'Sold'),
(143,143,5,21,32800,33300,'Sold'),
(144,144,9,20,44800,44200,'Sold'),
(145,145,4,17,36400,36900,'Sold'),
(146,146,3,23,26800,27300,'Sold'),
(147,147,6,12,22400,22900,'No Sale'),
(148,148,1,16,18800,19300,'Sold'),
(149,149,7,25,34800,35300,'Sold'),
(150,150,8,19,28800,29300,'Sold'),
(151,151,2,13,11200,11700,'No Sale'),
(152,152,5,22,22400,22900,'Sold'),
(153,153,9,18,52800,52200,'Sold'),
(154,154,4,14,46800,46200,'Sold'),
(155,155,3,21,94800,94200,'Sold'),
(156,156,6,15,28800,29300,'Sold'),
(157,157,1,20,38800,38300,'Sold'),
(158,158,7,24,9800,10300,'No Sale'),
(159,159,8,11,44800,44200,'Sold'),
(160,160,2,17,34800,35300,'Sold'),
(161,161,5,23,44800,44200,'Sold'),
(162,162,9,16,18800,19300,'Sold'),
(163,163,4,12,44800,44200,'Sold'),
(164,164,3,19,22800,23300,'Sold'),
(165,165,6,22,68800,68200,'Sold'),
(166,166,1,25,64800,64200,'Sold'),
(167,167,7,13,148800,148200,'Sold'),
(168,168,8,18,148800,148200,'Sold'),
(169,169,2,15,138800,138200,'Sold'),
(170,170,5,21,128800,128200,'Sold'),
(171,171,9,14,54800,54200,'Sold'),
(172,172,4,20,48800,48200,'Sold'),
(173,173,3,17,36800,37300,'Sold'),
(174,174,6,24,24800,25300,'Sold'),
(175,175,1,16,29800,30300,'Sold'),
(176,176,7,23,22800,23300,'Sold'),
(177,177,8,12,52800,52200,'Sold'),
(178,178,2,19,26800,27300,'Sold'),
(179,179,5,22,36800,37300,'Sold'),
(180,180,9,18,28800,29300,'Sold'),
(181,181,4,15,54800,54200,'Sold'),
(182,182,3,13,98800,98200,'Sold'),
(183,183,6,25,78800,78200,'Sold'),
(184,184,1,20,88800,88200,'Sold'),
(185,185,7,14,38800,39300,'Sold'),
(186,186,8,21,32800,33300,'Sold'),
(187,187,2,17,28800,29300,'Sold'),
(188,188,5,24,34800,35300,'Sold'),
(189,189,9,16,26800,27300,'Sold'),
(190,190,4,11,34800,35300,'Sold'),
(191,191,3,22,34800,35300,'Sold'),
(192,192,6,19,28800,29300,'Sold'),
(193,193,1,23,78800,78200,'Sold'),
(194,194,7,15,28800,29300,'Sold'),
(195,195,8,18,54800,54200,'Sold'),
(196,196,2,12,74800,74200,'Sold'),
(197,197,5,20,22800,23300,'Sold'),
(198,198,9,17,108800,108200,'Sold'),
(199,199,4,25,58800,58200,'Sold'),
(200,200,3,13,42800,43300,'Sold');

-- ============================================================
-- TABLE 5: MARKET INDEX
-- ============================================================
CREATE TABLE IF NOT EXISTS market_index (
    index_id INTEGER PRIMARY KEY,
    month TEXT NOT NULL,
    segment TEXT NOT NULL,
    adjusted_index REAL NOT NULL,
    non_adjusted_index REAL NOT NULL,
    yoy_change REAL NOT NULL
);

INSERT INTO market_index VALUES
(1,'2024-01','Compact Car',182.4,178.2,2.1),
(2,'2024-01','Midsize Car',176.8,173.4,1.8),
(3,'2024-01','Full-size Car',168.2,164.8,-0.4),
(4,'2024-01','Compact SUV',198.6,194.2,3.2),
(5,'2024-01','Midsize SUV',204.1,199.8,3.8),
(6,'2024-01','Full-size SUV',212.4,207.6,2.9),
(7,'2024-01','Pickup Truck',224.8,219.4,4.1),
(8,'2024-01','Luxury Car',188.6,184.2,2.6),
(9,'2024-01','Luxury SUV',216.4,211.8,3.4),
(10,'2024-01','Electric Vehicle',194.2,190.6,6.8),
(11,'2024-02','Compact Car',183.1,178.9,2.3),
(12,'2024-02','Midsize Car',177.2,173.8,1.9),
(13,'2024-02','Full-size Car',167.8,164.4,-0.6),
(14,'2024-02','Compact SUV',199.4,194.8,3.4),
(15,'2024-02','Midsize SUV',205.2,200.8,4.0),
(16,'2024-02','Full-size SUV',213.6,208.8,3.1),
(17,'2024-02','Pickup Truck',226.2,220.8,4.3),
(18,'2024-02','Luxury Car',189.4,185.2,2.8),
(19,'2024-02','Luxury SUV',217.8,213.2,3.6),
(20,'2024-02','Electric Vehicle',196.4,192.8,7.2),
(21,'2024-03','Compact Car',184.8,180.4,2.6),
(22,'2024-03','Midsize Car',178.4,174.8,2.1),
(23,'2024-03','Full-size Car',168.6,165.2,-0.2),
(24,'2024-03','Compact SUV',201.2,196.8,3.8),
(25,'2024-03','Midsize SUV',207.4,202.8,4.4),
(26,'2024-03','Full-size SUV',215.8,211.2,3.4),
(27,'2024-03','Pickup Truck',228.4,223.2,4.8),
(28,'2024-03','Luxury Car',191.2,186.8,3.1),
(29,'2024-03','Luxury SUV',219.6,215.2,3.9),
(30,'2024-03','Electric Vehicle',199.2,195.6,7.8),
(31,'2024-04','Compact Car',186.2,181.8,2.8),
(32,'2024-04','Midsize Car',179.6,176.2,2.3),
(33,'2024-04','Full-size Car',169.4,165.8,0.1),
(34,'2024-04','Compact SUV',203.4,198.8,4.1),
(35,'2024-04','Midsize SUV',209.2,204.8,4.7),
(36,'2024-04','Full-size SUV',217.4,212.8,3.6),
(37,'2024-04','Pickup Truck',230.2,224.8,5.1),
(38,'2024-04','Luxury Car',192.8,188.4,3.4),
(39,'2024-04','Luxury SUV',221.4,216.8,4.2),
(40,'2024-04','Electric Vehicle',201.8,198.2,8.2),
(41,'2024-05','Compact Car',187.4,183.2,3.1),
(42,'2024-05','Midsize Car',180.8,177.4,2.6),
(43,'2024-05','Full-size Car',170.2,166.8,0.4),
(44,'2024-05','Compact SUV',205.2,200.8,4.4),
(45,'2024-05','Midsize SUV',211.4,206.8,5.0),
(46,'2024-05','Full-size SUV',219.2,214.6,3.9),
(47,'2024-05','Pickup Truck',232.4,227.2,5.4),
(48,'2024-05','Luxury Car',194.6,190.2,3.7),
(49,'2024-05','Luxury SUV',223.2,218.8,4.5),
(50,'2024-05','Electric Vehicle',204.2,200.8,8.6),
(51,'2024-06','Compact Car',188.6,184.4,3.3),
(52,'2024-06','Midsize Car',181.8,178.4,2.8),
(53,'2024-06','Full-size Car',170.8,167.4,0.6),
(54,'2024-06','Compact SUV',206.8,202.4,4.7),
(55,'2024-06','Midsize SUV',213.2,208.8,5.3),
(56,'2024-06','Full-size SUV',221.4,216.8,4.2),
(57,'2024-06','Pickup Truck',234.6,229.4,5.7),
(58,'2024-06','Luxury Car',196.4,192.2,3.9),
(59,'2024-06','Luxury SUV',225.4,220.8,4.8),
(60,'2024-06','Electric Vehicle',206.8,203.4,9.1),
(61,'2024-07','Compact Car',187.8,183.6,3.0),
(62,'2024-07','Midsize Car',181.2,177.8,2.5),
(63,'2024-07','Full-size Car',170.2,166.8,0.3),
(64,'2024-07','Compact SUV',205.8,201.4,4.3),
(65,'2024-07','Midsize SUV',212.4,207.8,4.9),
(66,'2024-07','Full-size SUV',220.6,216.2,3.8),
(67,'2024-07','Pickup Truck',233.8,228.6,5.4),
(68,'2024-07','Luxury Car',195.6,191.4,3.6),
(69,'2024-07','Luxury SUV',224.8,220.2,4.5),
(70,'2024-07','Electric Vehicle',205.4,201.8,8.8),
(71,'2024-08','Compact Car',187.2,183.0,2.8),
(72,'2024-08','Midsize Car',180.6,177.2,2.3),
(73,'2024-08','Full-size Car',169.6,166.2,0.1),
(74,'2024-08','Compact SUV',204.8,200.4,4.0),
(75,'2024-08','Midsize SUV',211.6,207.2,4.6),
(76,'2024-08','Full-size SUV',219.8,215.4,3.6),
(77,'2024-08','Pickup Truck',233.0,227.8,5.2),
(78,'2024-08','Luxury Car',194.8,190.6,3.4),
(79,'2024-08','Luxury SUV',224.0,219.4,4.3),
(80,'2024-08','Electric Vehicle',204.6,201.2,8.5),
(81,'2024-09','Compact Car',186.4,182.2,2.6),
(82,'2024-09','Midsize Car',179.8,176.4,2.1),
(83,'2024-09','Full-size Car',169.0,165.6,-0.1),
(84,'2024-09','Compact SUV',203.8,199.4,3.8),
(85,'2024-09','Midsize SUV',210.4,206.0,4.4),
(86,'2024-09','Full-size SUV',218.8,214.4,3.4),
(87,'2024-09','Pickup Truck',232.0,226.8,5.0),
(88,'2024-09','Luxury Car',193.8,189.6,3.2),
(89,'2024-09','Luxury SUV',223.0,218.6,4.1),
(90,'2024-09','Electric Vehicle',203.4,199.8,8.2),
(91,'2024-10','Compact Car',185.6,181.4,2.4),
(92,'2024-10','Midsize Car',179.0,175.6,1.9),
(93,'2024-10','Full-size Car',168.2,164.8,-0.3),
(94,'2024-10','Compact SUV',202.6,198.2,3.5),
(95,'2024-10','Midsize SUV',209.2,204.8,4.1),
(96,'2024-10','Full-size SUV',217.6,213.2,3.2),
(97,'2024-10','Pickup Truck',230.8,225.6,4.8),
(98,'2024-10','Luxury Car',192.6,188.4,3.0),
(99,'2024-10','Luxury SUV',221.8,217.4,3.9),
(100,'2024-10','Electric Vehicle',202.2,198.6,7.9),
(101,'2024-11','Compact Car',184.8,180.6,2.2),
(102,'2024-11','Midsize Car',178.2,174.8,1.7),
(103,'2024-11','Full-size Car',167.4,164.0,-0.5),
(104,'2024-11','Compact SUV',201.4,197.0,3.2),
(105,'2024-11','Midsize SUV',208.0,203.6,3.8),
(106,'2024-11','Full-size SUV',216.2,211.8,2.9),
(107,'2024-11','Pickup Truck',229.4,224.2,4.5),
(108,'2024-11','Luxury Car',191.4,187.2,2.7),
(109,'2024-11','Luxury SUV',220.4,216.0,3.6),
(110,'2024-11','Electric Vehicle',200.8,197.2,7.6),
(111,'2024-12','Compact Car',184.2,180.0,2.1),
(112,'2024-12','Midsize Car',177.6,174.2,1.6),
(113,'2024-12','Full-size Car',166.8,163.4,-0.6),
(114,'2024-12','Compact SUV',200.8,196.4,3.0),
(115,'2024-12','Midsize SUV',207.2,202.8,3.6),
(116,'2024-12','Full-size SUV',215.4,211.0,2.7),
(117,'2024-12','Pickup Truck',228.6,223.4,4.3),
(118,'2024-12','Luxury Car',190.6,186.4,2.5),
(119,'2024-12','Luxury SUV',219.6,215.2,3.4),
(120,'2024-12','Electric Vehicle',199.4,195.8,7.3);
